"date","apples","figs"
1640,,
1641,,
1642,,
1643,,
1644,,
1645,,
1646,,
1647,,
1648,,
1649,,
1650,,
1651,,
1652,,
1653,,
1654,,
1655,,
1656,,
1657,,
1658,,
1659,,
1660,,
1661,,
1662,,
1663,,0
1664,,46
1665,,
1666,,
1667,,
1668,480,0
1669,,
1670,,
1671,,
1672,288,
1673,,
1674,,
1675,,
1676,,
1677,,
1678,,
1679,48,
1680,,
1681,,
1682,,
1683,,
1684,,
1685,,
1686,,
1687,,
1688,,
